{
  "compressionlevel": -1,
  "height": 12,
  "width": 16,
  "infinite": false,
  "nextlayerid": 5,
  "nextobjectid": 6,
  "orientation": "orthogonal",
  "renderorder": "right-down",
  "tiledversion": "1.10.2",
  "tileheight": 32,
  "tilewidth": 32,
  "type": "map",
  "version": "1.10",
  "tilesets": [
    {
      "firstgid": 1,
      "source": "tilesets/base.tsj"
    }
  ],
  "layers": [
    {
      "id": 1,
      "name": "ground",
      "type": "tilelayer",
      "width": 16,
      "height": 12,
      "opacity": 1,
      "visible": true,
      "encoding": "csv",
      "data": "1,1,1,1,1,1,1,1,1,1,1,1,1,1,1,1,1,1,1,1,1,1,1,1,1,1,1,1,1,1,1,1,1,1,1,1,1,1,1,1,1,1,1,1,1,1,1,1,1,1,1,1,1,1,1,1,1,1,1,1,1,1,1,1,1,1,1,1,1,1,1,1,1,1,1,1,1,1,1,1,1,1,1,1,1,1,1,1,1,1,1,1,1,1,1,1,1,1,1,1,1,1,1,1,1,1,1,1,1,1,1,1,1,1,1,1,1,1,1,1,1,1,1,1,1,1,1,1,1,1,1,1,1,1,1,1,1,1,1,1,1,1,1,1,1,1,1,1,1,1,1,1,1,1,1,1,1,1,1,1,1,1,1,1,1,1,1,1,1,1,1,1,1,1,1,1,1,1,1,1,1,1,1,1,1,1,1,1,1,1,1,1"
    },
    {
      "id": 2,
      "name": "decor",
      "type": "tilelayer",
      "width": 16,
      "height": 12,
      "opacity": 1,
      "visible": true,
      "encoding": "csv",
      "data": "0,0,0,0,0,0,0,0,0,0,0,0,0,0,0,0,0,0,0,0,0,0,0,0,0,0,0,0,0,0,0,0,0,0,0,0,0,0,0,0,0,0,0,0,0,0,0,0,0,0,0,0,0,0,0,0,0,0,0,0,0,0,0,0,0,0,0,0,0,0,0,0,0,0,0,0,0,0,0,0,0,0,0,0,0,0,0,0,0,0,0,0,0,0,0,0,0,0,0,0,0,0,0,0,0,0,0,0,0,0,0,0,0,0,0,0,0,0,0,0,0,0,0,0,0,0,0,0,0,0,0,0,0,0,0,0,0,0,0,0,0,0,0,0,0,0,0,0,0,0,0,0,0,0,0,0,0,0,0,0,0,0,0,0,0,0,0,0,0,0,0,0,0,0,0,0,0,0,0,0,0,0,0,0,0,0,0,0,0,0,0,0"
    },
    {
      "id": 3,
      "name": "labels",
      "type": "objectgroup",
      "visible": true,
      "opacity": 1,
      "objects": [
        {
          "id": 1,
          "name": "Titulo",
          "type": "text",
          "x": 64,
          "y": 40,
          "width": 384,
          "height": 24,
          "visible": true,
          "text": {
            "text": "AR Online — Hub",
            "wrap": true,
            "halign": "center",
            "valign": "top",
            "color": "#ffffffff",
            "pixelSize": 18
          }
        }
      ]
    },
    {
      "id": 4,
      "name": "areas",
      "type": "objectgroup",
      "visible": true,
      "opacity": 1,
      "objects": [
        {
          "id": 2,
          "name": "StartArea",
          "type": "area",
          "x": 224,
          "y": 288,
          "width": 128,
          "height": 96,
          "visible": true,
          "properties": [
            {
              "name": "start",
              "type": "string",
              "value": "entradaHub"
            }
          ]
        },
        {
          "id": 3,
          "name": "ReuniaoJitsi",
          "type": "area",
          "x": 64,
          "y": 224,
          "width": 128,
          "height": 96,
          "visible": true,
          "properties": [
            {
              "name": "jitsiRoom",
              "type": "string",
              "value": "ReuniaoGeral"
            },
            {
              "name": "jitsiWidth",
              "type": "int",
              "value": 900
            }
          ]
        },
        {
          "id": 4,
          "name": "Mural",
          "type": "area",
          "x": 384,
          "y": 224,
          "width": 128,
          "height": 96,
          "visible": true,
          "properties": [
            {
              "name": "openWebsite",
              "type": "string",
              "value": "https://ar-online.com.br/"
            },
            {
              "name": "openWebsiteWidth",
              "type": "int",
              "value": 900
            }
          ]
        },
        {
          "id": 5,
          "name": "Silencio",
          "type": "area",
          "x": 384,
          "y": 320,
          "width": 96,
          "height": 64,
          "visible": true,
          "properties": [
            {
              "name": "silent",
              "type": "bool",
              "value": true
            }
          ]
        }
      ]
    }
  ]
}